День Д	вавызалывзазыщвоазщоывазщоывоаывз111111111111	2020-08-01T21:47:42+0000	drama,family	2017	10	previewVideoLinks	videoLink	3 паучка,Еще одни пацаны с района,ДиКаприо,ВдВешник и другие	Архитектор	90	posterLink	backgroundImageLink	green
Время первых	вавызалывзазыщвоазщоывазщоывоаывз111111111111	2015-09-16T21:47:42+0000	drama,family	2018	8.7	previewVideoLinks	videoLink	Еще одни пацаны с района,ДиКаприо	Джони Кардано	180	posterLink	backgroundImageLink	yellow
Человек-паук	Ахвлзпывальылвлхэвл1111111111111111111111111111111111	2015-09-16T21:47:42+0000	family	2019	10	previewVideoLink	videoLink	Еще одни пацаны с района,ДиКаприо,ВдВешник и другие	Джони Кардано	190	posterLink	backgroundImageLink	yellow
Время первых	вввввввввввввввввввввввв111111111111111111111	2023-02-01T21:47:42+0000	scifi,crime,drama	2018	10	previewVideoLinks	videoLink	ДиКаприо,ВдВешник и другие	Архитектор	170	posterLink	backgroundImageLink	yellow
Человек-паук	вввввввввввввввввввввввв111111111111111111111	2020-08-01T21:47:42+0000	drama,family	2018	10	previewVideoLinks	videoLink	ДиКаприо,ВдВешник и другие	Джони Кардано	210	posterLink	backgroundImageLink	yellow
Человек-паук	аааааааааааааааааааыыу1111111111111111	2023-02-01T21:47:42+0000	crime,drama	2017	8	previewVideoLink	videoLink	ДиКаприо,ВдВешник и другие	МакГрегор	90	posterLink	backgroundImageLink	yellow
Время первых	аааааааааааааааааааыыу1111111111111111	2020-08-01T21:47:42+0000	drama,family	2018	10	previewVideoLinks	videoLink	Еще одни пацаны с района,ДиКаприо,ВдВешник и другие	Гай Ричи	210	posterLink	backgroundImageLink	blue
Джентельмен	вавызалывзазыщвоазщоывазщоывоаывз111111111111	2020-08-01T21:47:42+0000	drama,family	2020	9	previewVideoLinks	videoLink	Еще одни пацаны с района,ДиКаприо,ВдВешник и другие	Джони Кардано	180	posterLink	backgroundImageLink	blue
Начало	Ахвлзпывальылвлхэвл1111111111111111111111111111111111	2023-02-01T21:47:42+0000	scifi,crime	2016	9	previewVideoLinks	videoLink	3 паучка,Еще одни пацаны с района,ДиКаприо	МакГрегор	190	posterLink	backgroundImageLink	orange
Джентельмен	Ахвлзпывальылвлхэвл1111111111111111111111111111111111	2015-09-16T21:47:42+0000	drama,family	2018	8.7	previewVideoLinks	videoLink	Еще одни пацаны с района,ДиКаприо	Какой то русский	180	posterLink	backgroundImageLink	yellow
Время первых	вввввввввввввввввввввввв111111111111111111111	2023-02-01T21:47:42+0000	drama,family	2017	8.7	previewVideoLinks	videoLink	ВдВешник и другие	Архитектор	190	posterLink	backgroundImageLink	orange
Время первых	вввввввввввввввввввввввв111111111111111111111	2010-03-26T21:47:42+0000	crime,drama,family	2019	10	previewVideoLinks	videoLink	Пацаны с района	Джони Кардано	180	posterLink	backgroundImageLink	red
Джентельмен	вввввввввввввввввввввввв111111111111111111111	2015-09-16T21:47:42+0000	drama,family	2019	10	previewVideoLinks	videoLink	3 паучка,Еще одни пацаны с района,ДиКаприо	МакГрегор	180	posterLink	backgroundImageLink	orange
Начало	вавызалывзазыщвоазщоывазщоывоаывз111111111111	2010-03-26T21:47:42+0000	drama,family	2019	10	previewVideoLink	videoLink	ДиКаприо,ВдВешник и другие	МакГрегор	170	posterLink	backgroundImageLink	blue
Джентельмен	аааааааааааааааааааыыу1111111111111111	2015-09-16T21:47:42+0000	crime,drama	2020	8.7	previewVideoLink	videoLink	Пацаны с района	Джони Кардано	210	posterLink	backgroundImageLink	orange
Джентельмен	Ахвлзпывальылвлхэвл1111111111111111111111111111111111	2020-08-01T21:47:42+0000	family	2017	10	previewVideoLinks	videoLink	3 паучка,Еще одни пацаны с района	Джони Кардано	180	posterLink	backgroundImageLink	blue
Джентельмен	вавызалывзазыщвоазщоывазщоывоаывз111111111111	2015-09-16T21:47:42+0000	scifi,crime	2017	8.7	previewVideoLinks	videoLink	ВдВешник и другие	МакГрегор	170	posterLink	backgroundImageLink	orange
Начало	вавызалывзазыщвоазщоывазщоывоаывз111111111111	2020-08-01T21:47:42+0000	documentary	2017	8.7	previewVideoLinks	videoLink	ВдВешник и другие	Гай Ричи	190	posterLink	backgroundImageLink	green
День Д	Ахвлзпывальылвлхэвл1111111111111111111111111111111111	2015-09-16T21:47:42+0000	scifi,crime,drama	2017	10	previewVideoLinks	videoLink	Еще одни пацаны с района,ДиКаприо,ВдВешник и другие	Архитектор	210	posterLink	backgroundImageLink	blue
Время первых	Ахвлзпывальылвлхэвл1111111111111111111111111111111111	2015-09-16T21:47:42+0000	crime,drama,family	2018	8.7	previewVideoLinks	videoLink	ДиКаприо,ВдВешник и другие	Джони Кардано	190	posterLink	backgroundImageLink	red
Время первых	вавызалывзазыщвоазщоывазщоывоаывз111111111111	2020-08-01T21:47:42+0000	drama,family	2016	10	previewVideoLink	videoLink	Пацаны с района	Какой то русский	190	posterLink	backgroundImageLink	blue
Начало	аааааааааааааааааааыыу1111111111111111	2015-09-16T21:47:42+0000	family	2020	8.7	previewVideoLinks	videoLink	Еще одни пацаны с района,ДиКаприо,ВдВешник и другие	Гай Ричи	180	posterLink	backgroundImageLink	green
Время первых	вавызалывзазыщвоазщоывазщоывоаывз111111111111	2015-09-16T21:47:42+0000	crime,drama,family	2017	10	previewVideoLinks	videoLink	ДиКаприо,ВдВешник и другие	Архитектор	90	posterLink	backgroundImageLink	orange
Начало	уаывавыаывасмапипрр1111111111111111	2015-09-16T21:47:42+0000	scifi,crime,drama	2018	9	previewVideoLinks	videoLink	ДиКаприо,ВдВешник и другие	Гай Ричи	190	posterLink	backgroundImageLink	green
Джентельмен	вавызалывзазыщвоазщоывазщоывоаывз111111111111	2015-09-16T21:47:42+0000	scifi,crime,drama	2020	8.7	previewVideoLinks	videoLink	Еще одни пацаны с района,ДиКаприо,ВдВешник и другие	МакГрегор	210	posterLink	backgroundImageLink	green
День Д	аааааааааааааааааааыыу1111111111111111	2023-02-01T21:47:42+0000	family	2019	8.7	previewVideoLinks	videoLink	3 паучка,Еще одни пацаны с района,ДиКаприо,ВдВешник и другие	МакГрегор	170	posterLink	backgroundImageLink	orange
Джентельмен	вавызалывзазыщвоазщоывазщоывоаывз111111111111	2015-09-16T21:47:42+0000	crime,drama,family	2018	10	previewVideoLinks	videoLink	ВдВешник и другие	МакГрегор	170	posterLink	backgroundImageLink	yellow
Джентельмен	вавызалывзазыщвоазщоывазщоывоаывз111111111111	2010-03-26T21:47:42+0000	documentary,scifi	2020	9	previewVideoLinks	videoLink	ВдВешник и другие	Гай Ричи	170	posterLink	backgroundImageLink	yellow
Джентельмен	Ахвлзпывальылвлхэвл1111111111111111111111111111111111	2020-08-01T21:47:42+0000	family	2019	10	previewVideoLinks	videoLink	Еще одни пацаны с района,ДиКаприо	Какой то русский	180	posterLink	backgroundImageLink	red
День Д	вавызалывзазыщвоазщоывазщоывоаывз111111111111	2020-08-01T21:47:42+0000	scifi,crime	2018	8.7	previewVideoLink	videoLink	Пацаны с района,3 паучка,Еще одни пацаны с района,ДиКаприо	Архитектор	210	posterLink	backgroundImageLink	yellow
День Д	вавызалывзазыщвоазщоывазщоывоаывз111111111111	2015-09-16T21:47:42+0000	drama,family	2017	8.7	previewVideoLinks	videoLink	ВдВешник и другие	Джони Кардано	90	posterLink	backgroundImageLink	red
Человек-паук	аааааааааааааааааааыыу1111111111111111	2020-08-01T21:47:42+0000	scifi,crime	2018	9	previewVideoLinks	videoLink	Еще одни пацаны с района,ДиКаприо,ВдВешник и другие	Архитектор	180	posterLink	backgroundImageLink	green
День Д	уаывавыаывасмапипрр1111111111111111	2015-09-16T21:47:42+0000	crime,drama,family	2016	10	previewVideoLinks	videoLink	ВдВешник и другие	Какой то русский	180	posterLink	backgroundImageLink	green
Начало	вввввввввввввввввввввввв111111111111111111111	2010-03-26T21:47:42+0000	crime,drama,family	2016	8.7	previewVideoLinks	videoLink	Пацаны с района,3 паучка	Архитектор	90	posterLink	backgroundImageLink	orange
Джентельмен	вввввввввввввввввввввввв111111111111111111111	2020-08-01T21:47:42+0000	crime,drama,family	2019	10	previewVideoLinks	videoLink	ДиКаприо,ВдВешник и другие	Гай Ричи	190	posterLink	backgroundImageLink	orange
Человек-паук	вавызалывзазыщвоазщоывазщоывоаывз111111111111	2015-09-16T21:47:42+0000	scifi,crime,drama,family	2018	10	previewVideoLinks	videoLink	Еще одни пацаны с района,ДиКаприо,ВдВешник и другие	Гай Ричи	180	posterLink	backgroundImageLink	yellow
Время первых	вавызалывзазыщвоазщоывазщоывоаывз111111111111	2015-09-16T21:47:42+0000	crime,drama,family	2017	10	previewVideoLinks	videoLink	ДиКаприо,ВдВешник и другие	МакГрегор	180	posterLink	backgroundImageLink	yellow
Человек-паук	аааааааааааааааааааыыу1111111111111111	2020-08-01T21:47:42+0000	family	2019	8.7	previewVideoLinks	videoLink	ВдВешник и другие	МакГрегор	190	posterLink	backgroundImageLink	green
Начало	вввввввввввввввввввввввв111111111111111111111	2015-09-16T21:47:42+0000	drama,family	2017	8	previewVideoLinks	videoLink	3 паучка,Еще одни пацаны с района	МакГрегор	190	posterLink	backgroundImageLink	orange
Время первых	вввввввввввввввввввввввв111111111111111111111	2015-09-16T21:47:42+0000	scifi,crime,drama	2017	10	previewVideoLinks	videoLink	Пацаны с района	Гай Ричи	90	posterLink	backgroundImageLink	green
День Д	аааааааааааааааааааыыу1111111111111111	2015-09-16T21:47:42+0000	scifi,crime,drama,family	2017	8.7	previewVideoLinks	videoLink	Еще одни пацаны с района,ДиКаприо,ВдВешник и другие	Какой то русский	190	posterLink	backgroundImageLink	red
Джентельмен	вавызалывзазыщвоазщоывазщоывоаывз111111111111	2015-09-16T21:47:42+0000	family	2018	10	previewVideoLinks	videoLink	Еще одни пацаны с района,ДиКаприо,ВдВешник и другие	Джони Кардано	90	posterLink	backgroundImageLink	green
Начало	аааааааааааааааааааыыу1111111111111111	2010-03-26T21:47:42+0000	family	2017	10	previewVideoLinks	videoLink	ВдВешник и другие	Джони Кардано	170	posterLink	backgroundImageLink	red
Человек-паук	уаывавыаывасмапипрр1111111111111111	2015-09-16T21:47:42+0000	scifi,crime,drama	2018	10	previewVideoLinks	videoLink	Еще одни пацаны с района,ДиКаприо,ВдВешник и другие	Гай Ричи	170	posterLink	backgroundImageLink	blue
Начало	вввввввввввввввввввввввв111111111111111111111	2020-08-01T21:47:42+0000	scifi	2017	10	previewVideoLinks	videoLink	ДиКаприо,ВдВешник и другие	Какой то русский	210	posterLink	backgroundImageLink	blue
Человек-паук	Ахвлзпывальылвлхэвл1111111111111111111111111111111111	2015-09-16T21:47:42+0000	documentary,scifi,crime	2016	8.7	previewVideoLinks	videoLink	ВдВешник и другие	Архитектор	190	posterLink	backgroundImageLink	yellow
Человек-паук	вввввввввввввввввввввввв111111111111111111111	2015-09-16T21:47:42+0000	scifi,crime	2019	10	previewVideoLinks	videoLink	3 паучка,Еще одни пацаны с района	Архитектор	210	posterLink	backgroundImageLink	blue
День Д	аааааааааааааааааааыыу1111111111111111	2010-03-26T21:47:42+0000	drama,family	2017	8.7	previewVideoLinks	videoLink	Еще одни пацаны с района,ДиКаприо	Какой то русский	210	posterLink	backgroundImageLink	yellow
Человек-паук	аааааааааааааааааааыыу1111111111111111	2020-08-01T21:47:42+0000	scifi,crime	2016	8.7	previewVideoLinks	videoLink	3 паучка,Еще одни пацаны с района	Архитектор	170	posterLink	backgroundImageLink	yellow
Человек-паук	уаывавыаывасмапипрр1111111111111111	2015-09-16T21:47:42+0000	drama,family	2020	9	previewVideoLinks	videoLink	3 паучка	Архитектор	170	posterLink	backgroundImageLink	green
Джентельмен	уаывавыаывасмапипрр1111111111111111	2015-09-16T21:47:42+0000	drama,family	2017	10	previewVideoLink	videoLink	ДиКаприо,ВдВешник и другие	МакГрегор	170	posterLink	backgroundImageLink	red
Начало	вввввввввввввввввввввввв111111111111111111111	2020-08-01T21:47:42+0000	crime,drama	2016	8	previewVideoLinks	videoLink	ДиКаприо,ВдВешник и другие	Гай Ричи	180	posterLink	backgroundImageLink	green
Человек-паук	вввввввввввввввввввввввв111111111111111111111	2015-09-16T21:47:42+0000	documentary,scifi,crime,drama	2019	10	previewVideoLink	videoLink	3 паучка,Еще одни пацаны с района	МакГрегор	180	posterLink	backgroundImageLink	green
Человек-паук	аааааааааааааааааааыыу1111111111111111	2015-09-16T21:47:42+0000	scifi,crime,drama	2016	10	previewVideoLinks	videoLink	ВдВешник и другие	Гай Ричи	180	posterLink	backgroundImageLink	blue
Джентельмен	вавызалывзазыщвоазщоывазщоывоаывз111111111111	2020-08-01T21:47:42+0000	scifi,crime,drama	2017	10	previewVideoLinks	videoLink	Пацаны с района,3 паучка	МакГрегор	170	posterLink	backgroundImageLink	blue
День Д	вввввввввввввввввввввввв111111111111111111111	2010-03-26T21:47:42+0000	drama,family	2019	9	previewVideoLinks	videoLink	ДиКаприо,ВдВешник и другие	МакГрегор	190	posterLink	backgroundImageLink	red
Время первых	аааааааааааааааааааыыу1111111111111111	2020-08-01T21:47:42+0000	crime,drama	2017	8	previewVideoLinks	videoLink	ВдВешник и другие	МакГрегор	90	posterLink	backgroundImageLink	red
Джентельмен	Ахвлзпывальылвлхэвл1111111111111111111111111111111111	2015-09-16T21:47:42+0000	documentary,scifi,crime	2019	10	previewVideoLinks	videoLink	ДиКаприо,ВдВешник и другие	МакГрегор	180	posterLink	backgroundImageLink	yellow
Человек-паук	вавызалывзазыщвоазщоывазщоывоаывз111111111111	2020-08-01T21:47:42+0000	drama,family	2020	10	previewVideoLinks	videoLink	3 паучка,Еще одни пацаны с района,ДиКаприо,ВдВешник и другие	Джони Кардано	180	posterLink	backgroundImageLink	green
Начало	вавызалывзазыщвоазщоывазщоывоаывз111111111111	2010-03-26T21:47:42+0000	documentary	2020	10	previewVideoLinks	videoLink	ДиКаприо,ВдВешник и другие	Архитектор	190	posterLink	backgroundImageLink	red
Время первых	уаывавыаывасмапипрр1111111111111111	2015-09-16T21:47:42+0000	crime,drama,family	2017	10	previewVideoLinks	videoLink	3 паучка,Еще одни пацаны с района,ДиКаприо	Архитектор	90	posterLink	backgroundImageLink	blue
Человек-паук	вавызалывзазыщвоазщоывазщоывоаывз111111111111	2023-02-01T21:47:42+0000	crime,drama,family	2020	9	previewVideoLinks	videoLink	Пацаны с района	МакГрегор	180	posterLink	backgroundImageLink	blue
Человек-паук	вавызалывзазыщвоазщоывазщоывоаывз111111111111	2015-09-16T21:47:42+0000	drama,family	2020	8.7	previewVideoLinks	videoLink	Еще одни пацаны с района,ДиКаприо,ВдВешник и другие	Гай Ричи	170	posterLink	backgroundImageLink	blue
Время первых	аааааааааааааааааааыыу1111111111111111	2015-09-16T21:47:42+0000	drama,family	2019	8	previewVideoLinks	videoLink	3 паучка,Еще одни пацаны с района,ДиКаприо	Джони Кардано	180	posterLink	backgroundImageLink	green
Начало	вавызалывзазыщвоазщоывазщоывоаывз111111111111	2020-08-01T21:47:42+0000	family	2020	8	previewVideoLinks	videoLink	ВдВешник и другие	МакГрегор	180	posterLink	backgroundImageLink	green
Начало	Ахвлзпывальылвлхэвл1111111111111111111111111111111111	2015-09-16T21:47:42+0000	documentary,scifi	2018	10	previewVideoLinks	videoLink	Еще одни пацаны с района,ДиКаприо,ВдВешник и другие	Архитектор	170	posterLink	backgroundImageLink	yellow
Время первых	аааааааааааааааааааыыу1111111111111111	2010-03-26T21:47:42+0000	documentary,scifi	2017	10	previewVideoLinks	videoLink	Еще одни пацаны с района,ДиКаприо,ВдВешник и другие	Архитектор	90	posterLink	backgroundImageLink	orange
Начало	Ахвлзпывальылвлхэвл1111111111111111111111111111111111	2015-09-16T21:47:42+0000	crime,drama,family	2018	9	previewVideoLinks	videoLink	Еще одни пацаны с района,ДиКаприо,ВдВешник и другие	Гай Ричи	180	posterLink	backgroundImageLink	orange
Джентельмен	аааааааааааааааааааыыу1111111111111111	2020-08-01T21:47:42+0000	drama,family	2020	10	previewVideoLinks	videoLink	ДиКаприо,ВдВешник и другие	Гай Ричи	210	posterLink	backgroundImageLink	yellow
Начало	вавызалывзазыщвоазщоывазщоывоаывз111111111111	2015-09-16T21:47:42+0000	drama,family	2019	10	previewVideoLinks	videoLink	Еще одни пацаны с района,ДиКаприо,ВдВешник и другие	МакГрегор	180	posterLink	backgroundImageLink	blue
День Д	Ахвлзпывальылвлхэвл1111111111111111111111111111111111	2015-09-16T21:47:42+0000	scifi	2018	10	previewVideoLinks	videoLink	ДиКаприо,ВдВешник и другие	МакГрегор	210	posterLink	backgroundImageLink	orange
Человек-паук	Ахвлзпывальылвлхэвл1111111111111111111111111111111111	2010-03-26T21:47:42+0000	family	2018	8.7	previewVideoLinks	videoLink	ДиКаприо,ВдВешник и другие	Архитектор	210	posterLink	backgroundImageLink	green
Джентельмен	вввввввввввввввввввввввв111111111111111111111	2015-09-16T21:47:42+0000	family	2020	10	previewVideoLinks	videoLink	ВдВешник и другие	МакГрегор	210	posterLink	backgroundImageLink	yellow
Время первых	уаывавыаывасмапипрр1111111111111111	2015-09-16T21:47:42+0000	family	2017	8	previewVideoLinks	videoLink	3 паучка,Еще одни пацаны с района,ДиКаприо	МакГрегор	210	posterLink	backgroundImageLink	red
Время первых	уаывавыаывасмапипрр1111111111111111	2015-09-16T21:47:42+0000	scifi,crime,drama	2019	10	previewVideoLinks	videoLink	Еще одни пацаны с района,ДиКаприо,ВдВешник и другие	МакГрегор	180	posterLink	backgroundImageLink	green
Джентельмен	вавызалывзазыщвоазщоывазщоывоаывз111111111111	2015-09-16T21:47:42+0000	drama,family	2018	8.7	previewVideoLinks	videoLink	Еще одни пацаны с района,ДиКаприо,ВдВешник и другие	МакГрегор	210	posterLink	backgroundImageLink	green
Человек-паук	вавызалывзазыщвоазщоывазщоывоаывз111111111111	2015-09-16T21:47:42+0000	crime,drama,family	2018	8	previewVideoLinks	videoLink	Пацаны с района,3 паучка	Архитектор	170	posterLink	backgroundImageLink	green
Джентельмен	Ахвлзпывальылвлхэвл1111111111111111111111111111111111	2023-02-01T21:47:42+0000	family	2017	10	previewVideoLinks	videoLink	3 паучка	МакГрегор	170	posterLink	backgroundImageLink	blue
День Д	уаывавыаывасмапипрр1111111111111111	2015-09-16T21:47:42+0000	drama,family	2019	9	previewVideoLinks	videoLink	3 паучка,Еще одни пацаны с района	Архитектор	90	posterLink	backgroundImageLink	red
Джентельмен	аааааааааааааааааааыыу1111111111111111	2015-09-16T21:47:42+0000	drama,family	2017	8.7	previewVideoLinks	videoLink	Пацаны с района,3 паучка,Еще одни пацаны с района	Архитектор	210	posterLink	backgroundImageLink	green
Начало	вввввввввввввввввввввввв111111111111111111111	2023-02-01T21:47:42+0000	drama,family	2017	10	previewVideoLinks	videoLink	3 паучка,Еще одни пацаны с района,ДиКаприо,ВдВешник и другие	МакГрегор	180	posterLink	backgroundImageLink	yellow
Время первых	вавызалывзазыщвоазщоывазщоывоаывз111111111111	2010-03-26T21:47:42+0000	scifi	2019	8.7	previewVideoLinks	videoLink	ДиКаприо,ВдВешник и другие	Гай Ричи	210	posterLink	backgroundImageLink	blue
Джентельмен	вввввввввввввввввввввввв111111111111111111111	2015-09-16T21:47:42+0000	scifi,crime,drama	2018	10	previewVideoLinks	videoLink	ДиКаприо,ВдВешник и другие	Джони Кардано	90	posterLink	backgroundImageLink	yellow
Человек-паук	вавызалывзазыщвоазщоывазщоывоаывз111111111111	2015-09-16T21:47:42+0000	drama,family	2019	10	previewVideoLinks	videoLink	3 паучка,Еще одни пацаны с района	Архитектор	210	posterLink	backgroundImageLink	yellow
День Д	Ахвлзпывальылвлхэвл1111111111111111111111111111111111	2023-02-01T21:47:42+0000	crime,drama	2019	8	previewVideoLinks	videoLink	ВдВешник и другие	Гай Ричи	190	posterLink	backgroundImageLink	green
Начало	вавызалывзазыщвоазщоывазщоывоаывз111111111111	2015-09-16T21:47:42+0000	scifi,crime	2020	8.7	previewVideoLinks	videoLink	Еще одни пацаны с района,ДиКаприо	Джони Кардано	170	posterLink	backgroundImageLink	blue
Джентельмен	уаывавыаывасмапипрр1111111111111111	2023-02-01T21:47:42+0000	family	2019	8.7	previewVideoLinks	videoLink	Еще одни пацаны с района,ДиКаприо,ВдВешник и другие	Архитектор	210	posterLink	backgroundImageLink	orange
Джентельмен	вввввввввввввввввввввввв111111111111111111111	2023-02-01T21:47:42+0000	scifi	2019	10	previewVideoLinks	videoLink	3 паучка,Еще одни пацаны с района	Какой то русский	210	posterLink	backgroundImageLink	blue
Начало	Ахвлзпывальылвлхэвл1111111111111111111111111111111111	2015-09-16T21:47:42+0000	scifi,crime,drama	2016	8.7	previewVideoLink	videoLink	ДиКаприо,ВдВешник и другие	Гай Ричи	210	posterLink	backgroundImageLink	green
Человек-паук	вавызалывзазыщвоазщоывазщоывоаывз111111111111	2015-09-16T21:47:42+0000	drama,family	2018	8.7	previewVideoLinks	videoLink	3 паучка,Еще одни пацаны с района,ДиКаприо	Какой то русский	170	posterLink	backgroundImageLink	green
Джентельмен	вавызалывзазыщвоазщоывазщоывоаывз111111111111	2015-09-16T21:47:42+0000	scifi,crime,drama,family	2017	9	previewVideoLinks	videoLink	Пацаны с района,3 паучка,Еще одни пацаны с района	МакГрегор	180	posterLink	backgroundImageLink	yellow
Джентельмен	вавызалывзазыщвоазщоывазщоывоаывз111111111111	2020-08-01T21:47:42+0000	drama,family	2017	10	previewVideoLinks	videoLink	Пацаны с района	Архитектор	170	posterLink	backgroundImageLink	green
Начало	вавызалывзазыщвоазщоывазщоывоаывз111111111111	2015-09-16T21:47:42+0000	scifi,crime	2017	10	previewVideoLinks	videoLink	ДиКаприо,ВдВешник и другие	Архитектор	210	posterLink	backgroundImageLink	green
Джентельмен	аааааааааааааааааааыыу1111111111111111	2015-09-16T21:47:42+0000	documentary	2019	8.7	previewVideoLinks	videoLink	Пацаны с района,3 паучка	Архитектор	180	posterLink	backgroundImageLink	yellow
День Д	уаывавыаывасмапипрр1111111111111111	2015-09-16T21:47:42+0000	crime,drama,family	2017	8.7	previewVideoLinks	videoLink	ДиКаприо,ВдВешник и другие	Архитектор	180	posterLink	backgroundImageLink	green
Время первых	аааааааааааааааааааыыу1111111111111111	2015-09-16T21:47:42+0000	scifi,crime,drama	2016	8.7	previewVideoLinks	videoLink	ДиКаприо,ВдВешник и другие	Какой то русский	210	posterLink	backgroundImageLink	blue
Джентельмен	Ахвлзпывальылвлхэвл1111111111111111111111111111111111	2023-02-01T21:47:42+0000	scifi,crime,drama,family	2018	8	previewVideoLink	videoLink	Еще одни пацаны с района,ДиКаприо,ВдВешник и другие	Архитектор	210	posterLink	backgroundImageLink	yellow
Человек-паук	аааааааааааааааааааыыу1111111111111111	2015-09-16T21:47:42+0000	crime,drama,family	2019	10	previewVideoLink	videoLink	Еще одни пацаны с района,ДиКаприо,ВдВешник и другие	Джони Кардано	170	posterLink	backgroundImageLink	yellow
Начало	Ахвлзпывальылвлхэвл1111111111111111111111111111111111	2015-09-16T21:47:42+0000	scifi,crime,drama	2017	10	previewVideoLinks	videoLink	Еще одни пацаны с района,ДиКаприо	Архитектор	210	posterLink	backgroundImageLink	orange
Джентельмен	Ахвлзпывальылвлхэвл1111111111111111111111111111111111	2020-08-01T21:47:42+0000	drama,family	2018	10	previewVideoLink	videoLink	Еще одни пацаны с района,ДиКаприо	Какой то русский	180	posterLink	backgroundImageLink	green
